chay;Детские чаи
dieticheskoe-pitanie;Детское диетическое питание 
deserty;Десерты для детей
podguzniki;Подгузники детские
salfetki;Салфетки детские
bytovaya-himiya;Детская бытовая химия
kosmetika;Косметика для малыша
egednevnyy-uhod;Аксессуары для ухода за малышом
prinadlegnosti-dlya-kupaniya;Принадлежности для купания ребенка
aptechka;Аптечка для малыша 
vesy-i-termometry;Детские весы и термометры 
gorshki-i-sidenya-dlya-unitaza;Детские горшки и сиденья для унитаза
dlya-novorogdennyh;Одежда для новорожденных
dlya-malchikov;Одежда для мальчиков
dlya-devochek;Одежда для девочек
aksessuary-1;Аксессуары для детей
verhnyaya-odegda;Верхняя одежда для детей
obuv;Детская обувь
igrushki-i-tvorchestvo;Игрушки для детей
syugetno-rolevye-igry-1;Сюжетно-ролевые игры для детей
konstruktory;Конструкторы для детей
igry-v-pomeshchenii-1;Игрушки для игры в помещении 
sportivnye-igry-2;Спортивные игры для детей
aktivnyy-otdyh-2;Активный отдых на улице
kosmetika-i-egednevnyy-uhod;Косметика и ежедневный уход для мама
bytovaya-himiya-i-hoztovary;Бытовая химия и Хозтовары для дома
belyo-i-bandagi;Бельё и бандажи для мам
dlya-pap;Аксессуары для мам
