catalog/chay/hipp;"tag/detskoe_pitanie/hipp/chaj.html"
catalog/molochnye-smesi/smesi-na-osnove-soi;"tag/detskoe_pitanie/detskie_smesi/na_osnove_soi.html"
catalog/molochnye-smesi/bezlaktoznye-detskie-smesi;"tag/detskoe_pitanie/detskie_smesi/bezlaktoznye.html"
catalog/molochnaya-produktsiya/agusha;"tag/detskoe_pitanie/agusha/molochnaja_produkcija.html"
catalog/molochnye-smesi/nestle;"tag/detskoe_pitanie/nestle/smesi.html"
catalog/molochnye-smesi/nanny;"tag/detskoe_pitanie/nanny/smesi.html"
catalog/molochnye-smesi/detskoe-pitanie-nenni;"tag/detskoe_pitanie/nanny.html"
catalog/molochnye-smesi/nenni;"tag/detskoe_pitanie_nanny.html"
catalog/molochnye-smesi/friesland;"tag/detskoe_pitanie/friesland/smesi_friso.html"
catalog/molochnye-smesi/nutricia;"tag/detskoe_pitanie/nutricia_nutrilon/smesi.html"
catalog/detskiy-transport/sanimobil;"tag/progulka_i_puteshestvie/detskij_transport/sanimobil.html"
catalog/detskiy-transport/sanki-na-kolesikah;"tag/progulka_i_puteshestvie/detskij_transport/sanki_na_kolesikah.html"
catalog/podguzniki/pampersy-dlya-novorozhdennyh;"tag/podguzniki_i_pelenki/pampersy.html"
catalog/podguzniki/podguzniki-dlya-novorozhdennyh;"tag/podguzniki_i_pelenki/podguzniki_dlja_novorozhdennyh.html"
catalog/podguzniki/podguzniki-dlya-kupaniya;"tag/podguzniki_i_pelenki/podguzniki/dlja_kupanija.html"
catalog/podguzniki/podguzniki-nochnye;"tag/podguzniki_i_pelenki/podguzniki/nochnye.html"
catalog/podguzniki/podguzniki-trusiki;"tag/podguzniki_i_pelenki/podguzniki/trusiki.html"
catalog/podguzniki/yaponskie-podguzniki-moony-goon-merries;"tag/podguzniki_i_pelenki/yaponskie_podguzniki.html"
catalog/podguzniki/podguzniki-muni-moony;"tag/podguzniki_i_pelenki/moony.html"
catalog/podguzniki/trusiki-moony;"tag/podguzniki_i_pelenki/moony/trusiki.html"
catalog/podguzniki/pampersy-muni-moony;"tag/podguzniki_i_pelenki/moony/pampersy.html"
catalog/podguzniki/podguzniki-moony-nochnye;"tag/podguzniki_i_pelenki/moony/nochnye.html"
catalog/podguzniki/podguzniki-moony-dlya-novorozhdennyh;"tag/podguzniki_i_pelenki/moony/dlja_novorozhdennyh.html"
catalog/podguzniki/detskie-trusiki-moony-muni-dlya-devochek;"tag/podguzniki_i_pelenki/moony/trusiki_dlja_devochek.html"
catalog/podguzniki/merries;"tag/podguzniki_i_pelenki/merries.html"
catalog/podguzniki/pampersy-merries;"tag/podguzniki_i_pelenki/merries/pampersy.html"
catalog/podguzniki/podguzniki-merries-nedorogo;"tag/podguzniki_i_pelenki/merries/nedorogo.html"
catalog/podguzniki/merries-nochnye;"tag/podguzniki_i_pelenki/merries/nochnye.html"
catalog/podguzniki/podguzniki-trusiki-meris-merries;"tag/podguzniki_i_pelenki/merries/trusiki_merries.html"
catalog/podguzniki/podguzniki-merries-dlya-novorozhdyonnyh-razmer-0-5-kg;"tag/podguzniki_i_pelenki/merries/0-5_kg.html"
catalog/podguzniki/goon;"tag/podguzniki_i_pelenki/goon.html"
catalog/podguzniki/goon-trusiki;"tag/podguzniki_i_pelenki/goon/trusiki_goon.html"
catalog/podguzniki/pampersy-goon;"tag/podguzniki_i_pelenki/goon/pampersy.html"
catalog/podguzniki/pampers;"tag/podguzniki_i_pelenki/podguzniki_pampers.html"
catalog/podguzniki/pampers-active-baby;"tag/podguzniki_i_pelenki/pampers/activ_baby.html"
catalog/podguzniki/pampers-premium-care;"tag/podguzniki_i_pelenki/pampers/premium_care.html"
catalog/podguzniki/pampers-sleep-and-play;"tag/podguzniki_i_pelenki/pampers/sleep_and_play.html"
catalog/podguzniki/pampers-trusiki;"tag/podguzniki_i_pelenki/pampers/podguzniki_trusiki.html"
catalog/podguzniki/pampers-dlya-novorozhdennyh;"tag/podguzniki_i_pelenki/pampers/podguzniki_dlja_novorozhdennyh.html"
catalog/podguzniki/huggies;"tag/podguzniki_i_pelenki/podguzniki_huggies.html"
catalog/podguzniki/huggies-dlya-novorozhdennyh;"tag/podguzniki_i_pelenki/huggies/podguzniki/newborn.html"
catalog/podguzniki/huggies-ultra-comfort;"tag/podguzniki_i_pelenki/podguzniki_huggies/ultra_comfort.html"
catalog/podguzniki/huggies-classic;"tag/podguzniki_i_pelenki/huggies/podguzniki/classic.html"
catalog/podguzniki/huggies-trusiki;"tag/podguzniki_i_pelenki/huggies/podguzniki/trusiki.html"
catalog/podguzniki/libero;"tag/podguzniki_i_pelenki/podguzniki_libero.html"
catalog/podguzniki/libero-trusiki;"tag/podguzniki_i_pelenki/libero/trusiki.html"
catalog/podguzniki/libero-dlya-novorozhdennyh;"tag/podguzniki_i_pelenki/libero/podguzniki/dlja_novorozhdennyh.html"
catalog/podguzniki/libero-dlya-kupanija;"tag/podguzniki_i_pelenki/libero/podguzniki/dlja_kupanija.html"
catalog/igrovoy-transport/parovozik-chuggington;"tag/igraj_i_razvivajsya/detskie_igrushki/parovozik_chuggington.html"
catalog/kosmetika/detskaya-kosmetika-svoboda;"tag/gigiena_i_uxod/tovary_svoboda.html"
catalog/salfetki/vlazhnye-detskie-salfetki-merries;"tag/podguzniki_i_pelenki/merries/salfetki.html"
catalog/salfetki/vlazhnye-detskie-salfetki-goon;tag/podguzniki_i_pelenki/goon/salfetki.html
catalog/egednevnyy-uhod/vatnye-diski;"tag/gigiena_i_uxod/ezhednevnyj_uhod/vatnye_diski.html"
catalog/hodunki-i-prygunki/hodunki-brevi;"tag/igraj_i_razvivajsya/hodunki_i_prygunki_brevi.html"
catalog/hodunki-i-prygunki/hodunki-chicco;"tag/igraj_i_razvivajsya/hodunki_i_prygunki_chicco.html"
